xmin	xmax	clickSelects	PANEL
0.5	1.5	11ab05ab1b6cf5ca602f8632bc2a72d47e85583a	1
1.5	2.5	38328a3a69f5fead3abac8560a6c9f42f358a3f7	1
2.5	3.5	793f8545c363d222de18ac892bc7abb80154e724	1
3.5	4.5	4aadde8f5a51cd7c8f3889964e7280432ec65bbc	1
4.5	5.5	b417000b570133d1d014a4745163142d0c68e195	1
5.5	6.5	4bda6dac7ede429434412ede26b71cfada76f33d	1
0.5	1.5	11ab05ab1b6cf5ca602f8632bc2a72d47e85583a	2
1.5	2.5	38328a3a69f5fead3abac8560a6c9f42f358a3f7	2
2.5	3.5	793f8545c363d222de18ac892bc7abb80154e724	2
3.5	4.5	4aadde8f5a51cd7c8f3889964e7280432ec65bbc	2
4.5	5.5	b417000b570133d1d014a4745163142d0c68e195	2
5.5	6.5	4bda6dac7ede429434412ede26b71cfada76f33d	2
