colour	x	y	label	key	showSelected1	showSelected2
#FF0000	4.18229670491675	-2	Before	Before	Before	11ab05ab1b6cf5ca602f8632bc2a72d47e85583a
#EE82EE	3.78605594023896	-2	Regression	Regression	Regression	11ab05ab1b6cf5ca602f8632bc2a72d47e85583a
#0000FF	4.18919594762866	-2	HEAD	HEAD	HEAD	11ab05ab1b6cf5ca602f8632bc2a72d47e85583a
#FF0000	4.17475159933142	-2	Before	Before	Before	38328a3a69f5fead3abac8560a6c9f42f358a3f7
#EE82EE	3.80588807487969	-2	Regression	Regression	Regression	38328a3a69f5fead3abac8560a6c9f42f358a3f7
#0000FF	4.17465952480129	-2	HEAD	HEAD	HEAD	38328a3a69f5fead3abac8560a6c9f42f358a3f7
#FF0000	4.19467220509371	-2	Before	Before	Before	4aadde8f5a51cd7c8f3889964e7280432ec65bbc
#EE82EE	3.82458970418713	-2	Regression	Regression	Regression	4aadde8f5a51cd7c8f3889964e7280432ec65bbc
#0000FF	3.83430818824176	-2	HEAD	HEAD	HEAD	4aadde8f5a51cd7c8f3889964e7280432ec65bbc
#FF0000	4.20563871998956	-2	Before	Before	Before	4bda6dac7ede429434412ede26b71cfada76f33d
#EE82EE	3.81668518347667	-2	Regression	Regression	Regression	4bda6dac7ede429434412ede26b71cfada76f33d
#0000FF	3.81407849573581	-2	HEAD	HEAD	HEAD	4bda6dac7ede429434412ede26b71cfada76f33d
#FF0000	4.18444148094551	-2	Before	Before	Before	793f8545c363d222de18ac892bc7abb80154e724
#EE82EE	3.7995514947434	-2	Regression	Regression	Regression	793f8545c363d222de18ac892bc7abb80154e724
#0000FF	4.18359953971886	-2	HEAD	HEAD	HEAD	793f8545c363d222de18ac892bc7abb80154e724
#FF0000	4.18532624321532	-2	Before	Before	Before	b417000b570133d1d014a4745163142d0c68e195
#EE82EE	3.81887444929096	-2	Regression	Regression	Regression	b417000b570133d1d014a4745163142d0c68e195
#0000FF	3.8192389470973	-2	HEAD	HEAD	HEAD	b417000b570133d1d014a4745163142d0c68e195
