group	fill	x	ymin	ymax	key	showSelected1	showSelected2	colour
1	#FF0000	1	-3.69031448362127	-3.3469737575513	Before	Before	11ab05ab1b6cf5ca602f8632bc2a72d47e85583a	#FF0000
1	#FF0000	1.49136169383427	-3.45989952734476	-3.13700085256159	Before	Before	11ab05ab1b6cf5ca602f8632bc2a72d47e85583a	#FF0000
1	#FF0000	2	-3.54535003074665	-3.17772400749507	Before	Before	11ab05ab1b6cf5ca602f8632bc2a72d47e85583a	#FF0000
1	#FF0000	2.4996870826184	-3.40880506108332	-3.24182257181147	Before	Before	11ab05ab1b6cf5ca602f8632bc2a72d47e85583a	#FF0000
1	#FF0000	3	-3.0763984895635	-2.98993379243968	Before	Before	11ab05ab1b6cf5ca602f8632bc2a72d47e85583a	#FF0000
1	#FF0000	3.49996186559619	-2.66220301673634	-2.62723651962514	Before	Before	11ab05ab1b6cf5ca602f8632bc2a72d47e85583a	#FF0000
1	#FF0000	4	-2.18938646028259	-1.86300068614827	Before	Before	11ab05ab1b6cf5ca602f8632bc2a72d47e85583a	#FF0000
1	#FF0000	4.49998933433418	-1.70836641215885	-1.55052598275042	Before	Before	11ab05ab1b6cf5ca602f8632bc2a72d47e85583a	#FF0000
1	#FF0000	1	-3.69427655594198	-3.33710435359593	Before	Before	38328a3a69f5fead3abac8560a6c9f42f358a3f7	#FF0000
1	#FF0000	1.49136169383427	-3.62906697333112	-3.34281780313254	Before	Before	38328a3a69f5fead3abac8560a6c9f42f358a3f7	#FF0000
1	#FF0000	2	-3.56121239565475	-3.0217221938795	Before	Before	38328a3a69f5fead3abac8560a6c9f42f358a3f7	#FF0000
1	#FF0000	2.4996870826184	-3.39124719022416	-3.21703819835554	Before	Before	38328a3a69f5fead3abac8560a6c9f42f358a3f7	#FF0000
1	#FF0000	3	-3.06589612853925	-2.98138065991472	Before	Before	38328a3a69f5fead3abac8560a6c9f42f358a3f7	#FF0000
1	#FF0000	3.49996186559619	-2.6787340724675	-2.64814551336938	Before	Before	38328a3a69f5fead3abac8560a6c9f42f358a3f7	#FF0000
1	#FF0000	4	-2.19138248013834	-1.8378390110453	Before	Before	38328a3a69f5fead3abac8560a6c9f42f358a3f7	#FF0000
1	#FF0000	4.49998933433418	-1.68957834832984	-1.54938512836252	Before	Before	38328a3a69f5fead3abac8560a6c9f42f358a3f7	#FF0000
1	#FF0000	1	-3.65772548330047	-3.34023020190234	Before	Before	4aadde8f5a51cd7c8f3889964e7280432ec65bbc	#FF0000
1	#FF0000	1.49136169383427	-3.53185198644914	-3.11706920219077	Before	Before	4aadde8f5a51cd7c8f3889964e7280432ec65bbc	#FF0000
1	#FF0000	2	-3.56508479827573	-3.28505120480609	Before	Before	4aadde8f5a51cd7c8f3889964e7280432ec65bbc	#FF0000
1	#FF0000	2.4996870826184	-3.41106412351011	-3.22711152621544	Before	Before	4aadde8f5a51cd7c8f3889964e7280432ec65bbc	#FF0000
1	#FF0000	3	-3.08183753761217	-2.98627613967344	Before	Before	4aadde8f5a51cd7c8f3889964e7280432ec65bbc	#FF0000
1	#FF0000	3.49996186559619	-2.68044384235989	-2.64671347080437	Before	Before	4aadde8f5a51cd7c8f3889964e7280432ec65bbc	#FF0000
1	#FF0000	4	-2.20495504280791	-1.88208979496174	Before	Before	4aadde8f5a51cd7c8f3889964e7280432ec65bbc	#FF0000
1	#FF0000	4.49998933433418	-1.70677475909331	-1.57717616987431	Before	Before	4aadde8f5a51cd7c8f3889964e7280432ec65bbc	#FF0000
1	#FF0000	1	-3.65936562260044	-3.32771836930332	Before	Before	4bda6dac7ede429434412ede26b71cfada76f33d	#FF0000
1	#FF0000	1.49136169383427	-3.36939515535385	-3.11742650278925	Before	Before	4bda6dac7ede429434412ede26b71cfada76f33d	#FF0000
1	#FF0000	2	-3.57372958067194	-3.33572859284955	Before	Before	4bda6dac7ede429434412ede26b71cfada76f33d	#FF0000
1	#FF0000	2.4996870826184	-3.41983155010573	-3.24046814743187	Before	Before	4bda6dac7ede429434412ede26b71cfada76f33d	#FF0000
1	#FF0000	3	-3.08285539153931	-2.99454533932497	Before	Before	4bda6dac7ede429434412ede26b71cfada76f33d	#FF0000
1	#FF0000	3.49996186559619	-2.67305224772407	-2.64559321539758	Before	Before	4bda6dac7ede429434412ede26b71cfada76f33d	#FF0000
1	#FF0000	4	-2.21930638346931	-1.89216709369834	Before	Before	4bda6dac7ede429434412ede26b71cfada76f33d	#FF0000
1	#FF0000	4.49998933433418	-1.72241924752927	-1.35357260826467	Before	Before	4bda6dac7ede429434412ede26b71cfada76f33d	#FF0000
1	#FF0000	1	-3.66683503110901	-3.3324126349809	Before	Before	793f8545c363d222de18ac892bc7abb80154e724	#FF0000
1	#FF0000	1.49136169383427	-3.64785597171476	-3.33511457801342	Before	Before	793f8545c363d222de18ac892bc7abb80154e724	#FF0000
1	#FF0000	2	-3.55431330738313	-3.29048753550725	Before	Before	793f8545c363d222de18ac892bc7abb80154e724	#FF0000
1	#FF0000	2.4996870826184	-3.41627535941617	-3.23082207680854	Before	Before	793f8545c363d222de18ac892bc7abb80154e724	#FF0000
1	#FF0000	3	-3.06581169786296	-2.99699945642411	Before	Before	793f8545c363d222de18ac892bc7abb80154e724	#FF0000
1	#FF0000	3.49996186559619	-2.67031111832412	-2.62983825844514	Before	Before	793f8545c363d222de18ac892bc7abb80154e724	#FF0000
1	#FF0000	4	-2.18751914846897	-1.86788343060541	Before	Before	793f8545c363d222de18ac892bc7abb80154e724	#FF0000
1	#FF0000	4.49998933433418	-1.70319592345878	-1.34701906630497	Before	Before	793f8545c363d222de18ac892bc7abb80154e724	#FF0000
1	#FF0000	1	-3.6937229918265	-3.31812583142255	Before	Before	b417000b570133d1d014a4745163142d0c68e195	#FF0000
1	#FF0000	1.49136169383427	-3.65478916285563	-3.3654725037399	Before	Before	b417000b570133d1d014a4745163142d0c68e195	#FF0000
1	#FF0000	2	-3.55031790357043	-3.26431322824495	Before	Before	b417000b570133d1d014a4745163142d0c68e195	#FF0000
1	#FF0000	2.4996870826184	-3.39630786947574	-3.20346653992249	Before	Before	b417000b570133d1d014a4745163142d0c68e195	#FF0000
1	#FF0000	3	-3.0682813126876	-2.93918056277371	Before	Before	b417000b570133d1d014a4745163142d0c68e195	#FF0000
1	#FF0000	3.49996186559619	-2.68555866364689	-2.48642965351246	Before	Before	b417000b570133d1d014a4745163142d0c68e195	#FF0000
1	#FF0000	4	-2.18689906386746	-1.84329717316139	Before	Before	b417000b570133d1d014a4745163142d0c68e195	#FF0000
1	#FF0000	4.49998933433418	-1.70003010613446	-1.55446161318671	Before	Before	b417000b570133d1d014a4745163142d0c68e195	#FF0000
3	#EE82EE	1	-3.61857626864469	-3.25326311073497	Regression	Regression	11ab05ab1b6cf5ca602f8632bc2a72d47e85583a	#EE82EE
3	#EE82EE	1.49136169383427	-3.59622400210896	-3.1181327624864	Regression	Regression	11ab05ab1b6cf5ca602f8632bc2a72d47e85583a	#EE82EE
3	#EE82EE	2	-3.43128326686483	-3.02028231376069	Regression	Regression	11ab05ab1b6cf5ca602f8632bc2a72d47e85583a	#EE82EE
3	#EE82EE	2.4996870826184	-3.17027749358373	-3.06720416289843	Regression	Regression	11ab05ab1b6cf5ca602f8632bc2a72d47e85583a	#EE82EE
3	#EE82EE	3	-2.75180593833363	-2.72078583491846	Regression	Regression	11ab05ab1b6cf5ca602f8632bc2a72d47e85583a	#EE82EE
3	#EE82EE	3.49996186559619	-2.29020979646104	-1.89439373708055	Regression	Regression	11ab05ab1b6cf5ca602f8632bc2a72d47e85583a	#EE82EE
3	#EE82EE	4	-1.81338307191266	-1.53999996972701	Regression	Regression	11ab05ab1b6cf5ca602f8632bc2a72d47e85583a	#EE82EE
3	#EE82EE	1	-3.63984406867313	-3.30896535012039	Regression	Regression	38328a3a69f5fead3abac8560a6c9f42f358a3f7	#EE82EE
3	#EE82EE	1.49136169383427	-3.58876928382492	-3.27794956469021	Regression	Regression	38328a3a69f5fead3abac8560a6c9f42f358a3f7	#EE82EE
3	#EE82EE	2	-3.21718206011682	-2.97944855916321	Regression	Regression	38328a3a69f5fead3abac8560a6c9f42f358a3f7	#EE82EE
3	#EE82EE	2.4996870826184	-3.15963167491156	-3.04809203803517	Regression	Regression	38328a3a69f5fead3abac8560a6c9f42f358a3f7	#EE82EE
3	#EE82EE	3	-2.75526852830491	-2.69193099206328	Regression	Regression	38328a3a69f5fead3abac8560a6c9f42f358a3f7	#EE82EE
3	#EE82EE	3.49996186559619	-2.30623366924433	-1.87693442292883	Regression	Regression	38328a3a69f5fead3abac8560a6c9f42f358a3f7	#EE82EE
3	#EE82EE	4	-1.81439572260323	-1.64533285215049	Regression	Regression	38328a3a69f5fead3abac8560a6c9f42f358a3f7	#EE82EE
3	#EE82EE	1	-3.42144566867448	-3.07844671576718	Regression	Regression	4aadde8f5a51cd7c8f3889964e7280432ec65bbc	#EE82EE
3	#EE82EE	1.49136169383427	-3.60430505150353	-3.35265323754907	Regression	Regression	4aadde8f5a51cd7c8f3889964e7280432ec65bbc	#EE82EE
3	#EE82EE	2	-3.438263098499	-3.23686779290505	Regression	Regression	4aadde8f5a51cd7c8f3889964e7280432ec65bbc	#EE82EE
3	#EE82EE	2.4996870826184	-3.17326641219192	-3.04149677702087	Regression	Regression	4aadde8f5a51cd7c8f3889964e7280432ec65bbc	#EE82EE
3	#EE82EE	3	-2.79164488635379	-2.69426672808909	Regression	Regression	4aadde8f5a51cd7c8f3889964e7280432ec65bbc	#EE82EE
3	#EE82EE	3.49996186559619	-2.3320175367731	-1.91710319610929	Regression	Regression	4aadde8f5a51cd7c8f3889964e7280432ec65bbc	#EE82EE
3	#EE82EE	4	-1.8376286801612	-1.66997925668082	Regression	Regression	4aadde8f5a51cd7c8f3889964e7280432ec65bbc	#EE82EE
3	#EE82EE	1	-3.60980682732316	-3.22068348700359	Regression	Regression	4bda6dac7ede429434412ede26b71cfada76f33d	#EE82EE
3	#EE82EE	1.49136169383427	-3.41787629056011	-3.10711823946428	Regression	Regression	4bda6dac7ede429434412ede26b71cfada76f33d	#EE82EE
3	#EE82EE	2	-3.42864978064921	-3.26454475285816	Regression	Regression	4bda6dac7ede429434412ede26b71cfada76f33d	#EE82EE
3	#EE82EE	2.4996870826184	-3.17247953253493	-3.07593227209729	Regression	Regression	4bda6dac7ede429434412ede26b71cfada76f33d	#EE82EE
3	#EE82EE	3	-2.77430802987703	-2.36929261214485	Regression	Regression	4bda6dac7ede429434412ede26b71cfada76f33d	#EE82EE
3	#EE82EE	3.49996186559619	-2.31580817501969	-1.91428600418189	Regression	Regression	4bda6dac7ede429434412ede26b71cfada76f33d	#EE82EE
3	#EE82EE	4	-1.83033952712684	-1.67148362714828	Regression	Regression	4bda6dac7ede429434412ede26b71cfada76f33d	#EE82EE
3	#EE82EE	1	-3.62687822202001	-3.3202814082224	Regression	Regression	793f8545c363d222de18ac892bc7abb80154e724	#EE82EE
3	#EE82EE	1.49136169383427	-3.60136034945112	-3.34457714753868	Regression	Regression	793f8545c363d222de18ac892bc7abb80154e724	#EE82EE
3	#EE82EE	2	-3.44841336136358	-3.26825018510993	Regression	Regression	793f8545c363d222de18ac892bc7abb80154e724	#EE82EE
3	#EE82EE	2.4996870826184	-3.17660787458312	-2.80561359607021	Regression	Regression	793f8545c363d222de18ac892bc7abb80154e724	#EE82EE
3	#EE82EE	3	-2.7638087575753	-2.71001038687967	Regression	Regression	793f8545c363d222de18ac892bc7abb80154e724	#EE82EE
3	#EE82EE	3.49996186559619	-2.30794530065046	-1.92163722936157	Regression	Regression	793f8545c363d222de18ac892bc7abb80154e724	#EE82EE
3	#EE82EE	4	-1.82224236736795	-1.6457821350578	Regression	Regression	793f8545c363d222de18ac892bc7abb80154e724	#EE82EE
3	#EE82EE	1	-3.62092492452243	-3.26947771909052	Regression	Regression	b417000b570133d1d014a4745163142d0c68e195	#EE82EE
3	#EE82EE	1.49136169383427	-3.59504993201074	-3.31783500956601	Regression	Regression	b417000b570133d1d014a4745163142d0c68e195	#EE82EE
3	#EE82EE	2	-3.42678010775053	-3.22481635055711	Regression	Regression	b417000b570133d1d014a4745163142d0c68e195	#EE82EE
3	#EE82EE	2.4996870826184	-3.16068161838353	-3.06067995270895	Regression	Regression	b417000b570133d1d014a4745163142d0c68e195	#EE82EE
3	#EE82EE	3	-2.76832856489324	-2.7175818204606	Regression	Regression	b417000b570133d1d014a4745163142d0c68e195	#EE82EE
3	#EE82EE	3.49996186559619	-2.31966819875522	-1.8830326487568	Regression	Regression	b417000b570133d1d014a4745163142d0c68e195	#EE82EE
3	#EE82EE	4	-1.82376263747895	-1.62899715637484	Regression	Regression	b417000b570133d1d014a4745163142d0c68e195	#EE82EE
2	#0000FF	1	-3.63324267902229	-3.24367812813972	HEAD	HEAD	11ab05ab1b6cf5ca602f8632bc2a72d47e85583a	#0000FF
2	#0000FF	1.49136169383427	-3.64409468759674	-3.40420735860214	HEAD	HEAD	11ab05ab1b6cf5ca602f8632bc2a72d47e85583a	#0000FF
2	#0000FF	2	-3.49474418862143	-2.67019810923223	HEAD	HEAD	11ab05ab1b6cf5ca602f8632bc2a72d47e85583a	#0000FF
2	#0000FF	2.4996870826184	-3.40525616422331	-3.25802308697467	HEAD	HEAD	11ab05ab1b6cf5ca602f8632bc2a72d47e85583a	#0000FF
2	#0000FF	3	-3.08267254601464	-2.99385967735186	HEAD	HEAD	11ab05ab1b6cf5ca602f8632bc2a72d47e85583a	#0000FF
2	#0000FF	3.49996186559619	-2.64943801127653	-2.62122120869119	HEAD	HEAD	11ab05ab1b6cf5ca602f8632bc2a72d47e85583a	#0000FF
2	#0000FF	4	-2.19988468594095	-1.84384040528996	HEAD	HEAD	11ab05ab1b6cf5ca602f8632bc2a72d47e85583a	#0000FF
2	#0000FF	4.49998933433418	-1.70410098455869	-1.51188105688101	HEAD	HEAD	11ab05ab1b6cf5ca602f8632bc2a72d47e85583a	#0000FF
2	#0000FF	1	-3.65487525588968	-3.34047462707588	HEAD	HEAD	38328a3a69f5fead3abac8560a6c9f42f358a3f7	#0000FF
2	#0000FF	1.49136169383427	-3.5641063675759	-3.02060871376967	HEAD	HEAD	38328a3a69f5fead3abac8560a6c9f42f358a3f7	#0000FF
2	#0000FF	2	-3.55508109738756	-3.2479707956745	HEAD	HEAD	38328a3a69f5fead3abac8560a6c9f42f358a3f7	#0000FF
2	#0000FF	2.4996870826184	-3.38971141683535	-3.22617484181647	HEAD	HEAD	38328a3a69f5fead3abac8560a6c9f42f358a3f7	#0000FF
2	#0000FF	3	-3.1034401289307	-2.56958386320206	HEAD	HEAD	38328a3a69f5fead3abac8560a6c9f42f358a3f7	#0000FF
2	#0000FF	3.49996186559619	-2.63841644598127	-2.58975250266881	HEAD	HEAD	38328a3a69f5fead3abac8560a6c9f42f358a3f7	#0000FF
2	#0000FF	4	-2.18028034252431	-1.818823681003	HEAD	HEAD	38328a3a69f5fead3abac8560a6c9f42f358a3f7	#0000FF
2	#0000FF	4.49998933433418	-1.69340581404924	-1.4978080647465	HEAD	HEAD	38328a3a69f5fead3abac8560a6c9f42f358a3f7	#0000FF
2	#0000FF	1	-3.44051340281603	-3.01144905223809	HEAD	HEAD	4aadde8f5a51cd7c8f3889964e7280432ec65bbc	#0000FF
2	#0000FF	1.49136169383427	-3.59567084524544	-3.38459382192106	HEAD	HEAD	4aadde8f5a51cd7c8f3889964e7280432ec65bbc	#0000FF
2	#0000FF	2	-3.43384425851689	-3.20954448166137	HEAD	HEAD	4aadde8f5a51cd7c8f3889964e7280432ec65bbc	#0000FF
2	#0000FF	2.4996870826184	-3.17260936392063	-3.01917156338844	HEAD	HEAD	4aadde8f5a51cd7c8f3889964e7280432ec65bbc	#0000FF
2	#0000FF	3	-2.7853826062576	-2.72055870182191	HEAD	HEAD	4aadde8f5a51cd7c8f3889964e7280432ec65bbc	#0000FF
2	#0000FF	3.49996186559619	-2.33575423398669	-2.30874092873592	HEAD	HEAD	4aadde8f5a51cd7c8f3889964e7280432ec65bbc	#0000FF
2	#0000FF	4	-1.84556151016084	-1.67100894034288	HEAD	HEAD	4aadde8f5a51cd7c8f3889964e7280432ec65bbc	#0000FF
2	#0000FF	1	-3.64188603688677	-3.37570967355736	HEAD	HEAD	4bda6dac7ede429434412ede26b71cfada76f33d	#0000FF
2	#0000FF	1.49136169383427	-3.58496481827536	-3.34498937130637	HEAD	HEAD	4bda6dac7ede429434412ede26b71cfada76f33d	#0000FF
2	#0000FF	2	-3.44097106275407	-3.16003637959535	HEAD	HEAD	4bda6dac7ede429434412ede26b71cfada76f33d	#0000FF
2	#0000FF	2.4996870826184	-3.17281622652369	-3.07761924110906	HEAD	HEAD	4bda6dac7ede429434412ede26b71cfada76f33d	#0000FF
2	#0000FF	3	-2.7970468421378	-2.71193596898011	HEAD	HEAD	4bda6dac7ede429434412ede26b71cfada76f33d	#0000FF
2	#0000FF	3.49996186559619	-2.31820918158048	-1.93193880118857	HEAD	HEAD	4bda6dac7ede429434412ede26b71cfada76f33d	#0000FF
2	#0000FF	4	-1.82590389005239	-1.66407283094746	HEAD	HEAD	4bda6dac7ede429434412ede26b71cfada76f33d	#0000FF
2	#0000FF	1	-3.65145565395198	-3.30685022012629	HEAD	HEAD	793f8545c363d222de18ac892bc7abb80154e724	#0000FF
2	#0000FF	1.49136169383427	-3.62635050407451	-3.34792965093183	HEAD	HEAD	793f8545c363d222de18ac892bc7abb80154e724	#0000FF
2	#0000FF	2	-3.57399320347274	-3.35041296915963	HEAD	HEAD	793f8545c363d222de18ac892bc7abb80154e724	#0000FF
2	#0000FF	2.4996870826184	-3.39996311592226	-3.21597504997423	HEAD	HEAD	793f8545c363d222de18ac892bc7abb80154e724	#0000FF
2	#0000FF	3	-3.0850077834046	-2.98729732255884	HEAD	HEAD	793f8545c363d222de18ac892bc7abb80154e724	#0000FF
2	#0000FF	3.49996186559619	-2.65918283011691	-2.59477096950735	HEAD	HEAD	793f8545c363d222de18ac892bc7abb80154e724	#0000FF
2	#0000FF	4	-2.19434142661981	-1.86254365820055	HEAD	HEAD	793f8545c363d222de18ac892bc7abb80154e724	#0000FF
2	#0000FF	4.49998933433418	-1.70225891718663	-1.5168602916363	HEAD	HEAD	793f8545c363d222de18ac892bc7abb80154e724	#0000FF
2	#0000FF	1	-3.63193071792818	-3.29918985761562	HEAD	HEAD	b417000b570133d1d014a4745163142d0c68e195	#0000FF
2	#0000FF	1.49136169383427	-3.56126486165329	-3.32434092420955	HEAD	HEAD	b417000b570133d1d014a4745163142d0c68e195	#0000FF
2	#0000FF	2	-3.42715983409756	-3.1869183926414	HEAD	HEAD	b417000b570133d1d014a4745163142d0c68e195	#0000FF
2	#0000FF	2.4996870826184	-3.16784882635678	-3.04236878190738	HEAD	HEAD	b417000b570133d1d014a4745163142d0c68e195	#0000FF
2	#0000FF	3	-2.77940190543996	-2.72912138877748	HEAD	HEAD	b417000b570133d1d014a4745163142d0c68e195	#0000FF
2	#0000FF	3.49996186559619	-2.31432282236532	-2.30481638040691	HEAD	HEAD	b417000b570133d1d014a4745163142d0c68e195	#0000FF
2	#0000FF	4	-1.82886347869649	-1.6349432090562	HEAD	HEAD	b417000b570133d1d014a4745163142d0c68e195	#0000FF
