group	colour	y	x	showSelected1	PANEL
1	#FF0000	15215.8670497804	1	Before	1
1	#FF0000	14953.8010834202	2	Before	1
1	#FF0000	15291.1969114706	3	Before	1
1	#FF0000	15655.6897069371	4	Before	1
1	#FF0000	15322.380509244	5	Before	1
1	#FF0000	16056.0502985549	6	Before	1
1	#FF0000	0.00665150547865778	1	Before	2
1	#FF0000	0.00673884589923546	2	Before	2
1	#FF0000	0.00660554802743718	3	Before	2
1	#FF0000	0.00638659601099789	4	Before	2
1	#FF0000	0.0065673264907673	5	Before	2
1	#FF0000	0.00625101255718619	6	Before	2
2	#0000FF	15459.5179415164	1	HEAD	1
2	#0000FF	14950.6310724666	2	HEAD	1
2	#0000FF	15261.581481465	3	HEAD	1
2	#0000FF	6828.23073756005	4	HEAD	1
2	#0000FF	6595.36669890208	5	HEAD	1
2	#0000FF	6517.46182048459	6	HEAD	1
2	#0000FF	0.00647096248576418	1	HEAD	2
2	#0000FF	0.00675257813418284	2	HEAD	2
2	#0000FF	0.00655556208221242	3	HEAD	2
2	#0000FF	0.014536097063683	4	HEAD	2
2	#0000FF	0.0149763915105723	5	HEAD	2
2	#0000FF	0.0151353240362369	6	HEAD	2
3	#EE82EE	6110.20723681299	1	Regression	1
3	#EE82EE	6395.69986110576	2	Regression	1
3	#EE82EE	6303.06077600171	3	Regression	1
3	#EE82EE	6677.12803819053	4	Regression	1
3	#EE82EE	6589.83361419984	5	Regression	1
3	#EE82EE	6556.69804307751	6	Regression	1
3	#EE82EE	0.0160364640178159	1	Regression	2
3	#EE82EE	0.0154904730152339	2	Regression	2
3	#EE82EE	0.015644658531528	3	Regression	2
3	#EE82EE	0.0148928799899295	4	Regression	2
3	#EE82EE	0.0150608990807086	5	Regression	2
3	#EE82EE	0.0150230543804355	6	Regression	2
