group	colour	x	y	key	showSelected1	showSelected2
1	#FF0000	1	-3.66663646708625	Before	Before	11ab05ab1b6cf5ca602f8632bc2a72d47e85583a
1	#FF0000	1	-3.65620432505044	Before	Before	38328a3a69f5fead3abac8560a6c9f42f358a3f7
1	#FF0000	1	-3.64160251994518	Before	Before	4aadde8f5a51cd7c8f3889964e7280432ec65bbc
1	#FF0000	1	-3.60941368324636	Before	Before	4bda6dac7ede429434412ede26b71cfada76f33d
1	#FF0000	1	-3.61380606516915	Before	Before	793f8545c363d222de18ac892bc7abb80154e724
1	#FF0000	1	-3.65969561901742	Before	Before	b417000b570133d1d014a4745163142d0c68e195
1	#FF0000	1.49136169383427	-3.40415170878812	Before	Before	11ab05ab1b6cf5ca602f8632bc2a72d47e85583a
1	#FF0000	1.49136169383427	-3.60150877762861	Before	Before	38328a3a69f5fead3abac8560a6c9f42f358a3f7
1	#FF0000	1.49136169383427	-3.31143283532728	Before	Before	4aadde8f5a51cd7c8f3889964e7280432ec65bbc
1	#FF0000	1.49136169383427	-3.30829396562991	Before	Before	4bda6dac7ede429434412ede26b71cfada76f33d
1	#FF0000	1.49136169383427	-3.62411046745961	Before	Before	793f8545c363d222de18ac892bc7abb80154e724
1	#FF0000	1.49136169383427	-3.61542549325547	Before	Before	b417000b570133d1d014a4745163142d0c68e195
1	#FF0000	2	-3.41586959252885	Before	Before	11ab05ab1b6cf5ca602f8632bc2a72d47e85583a
1	#FF0000	2	-3.51659672580003	Before	Before	38328a3a69f5fead3abac8560a6c9f42f358a3f7
1	#FF0000	2	-3.52631467185612	Before	Before	4aadde8f5a51cd7c8f3889964e7280432ec65bbc
1	#FF0000	2	-3.55446044962208	Before	Before	4bda6dac7ede429434412ede26b71cfada76f33d
1	#FF0000	2	-3.52895622277027	Before	Before	793f8545c363d222de18ac892bc7abb80154e724
1	#FF0000	2	-3.54023439304475	Before	Before	b417000b570133d1d014a4745163142d0c68e195
1	#FF0000	2.4996870826184	-3.37552237472346	Before	Before	11ab05ab1b6cf5ca602f8632bc2a72d47e85583a
1	#FF0000	2.4996870826184	-3.37419487067233	Before	Before	38328a3a69f5fead3abac8560a6c9f42f358a3f7
1	#FF0000	2.4996870826184	-3.3924157296828	Before	Before	4aadde8f5a51cd7c8f3889964e7280432ec65bbc
1	#FF0000	2.4996870826184	-3.4055682517629	Before	Before	4bda6dac7ede429434412ede26b71cfada76f33d
1	#FF0000	2.4996870826184	-3.3975812970464	Before	Before	793f8545c363d222de18ac892bc7abb80154e724
1	#FF0000	2.4996870826184	-3.36979644856231	Before	Before	b417000b570133d1d014a4745163142d0c68e195
1	#FF0000	3	-3.05287907462207	Before	Before	11ab05ab1b6cf5ca602f8632bc2a72d47e85583a
1	#FF0000	3	-3.04356073359151	Before	Before	38328a3a69f5fead3abac8560a6c9f42f358a3f7
1	#FF0000	3	-3.0597719721377	Before	Before	4aadde8f5a51cd7c8f3889964e7280432ec65bbc
1	#FF0000	3	-3.06138119174575	Before	Before	4bda6dac7ede429434412ede26b71cfada76f33d
1	#FF0000	3	-3.04284639770263	Before	Before	793f8545c363d222de18ac892bc7abb80154e724
1	#FF0000	3	-3.03907967712579	Before	Before	b417000b570133d1d014a4745163142d0c68e195
1	#FF0000	3.49996186559619	-2.64780917535858	Before	Before	11ab05ab1b6cf5ca602f8632bc2a72d47e85583a
1	#FF0000	3.49996186559619	-2.66650726146947	Before	Before	38328a3a69f5fead3abac8560a6c9f42f358a3f7
1	#FF0000	3.49996186559619	-2.66906537341843	Before	Before	4aadde8f5a51cd7c8f3889964e7280432ec65bbc
1	#FF0000	3.49996186559619	-2.66616374090055	Before	Before	4bda6dac7ede429434412ede26b71cfada76f33d
1	#FF0000	3.49996186559619	-2.66063512036811	Before	Before	793f8545c363d222de18ac892bc7abb80154e724
1	#FF0000	3.49996186559619	-2.67920909462318	Before	Before	b417000b570133d1d014a4745163142d0c68e195
1	#FF0000	4	-2.17708004686587	Before	Before	11ab05ab1b6cf5ca602f8632bc2a72d47e85583a
1	#FF0000	4	-2.17141447475709	Before	Before	38328a3a69f5fead3abac8560a6c9f42f358a3f7
1	#FF0000	4	-2.1947305546019	Before	Before	4aadde8f5a51cd7c8f3889964e7280432ec65bbc
1	#FF0000	4	-2.20404962867499	Before	Before	4bda6dac7ede429434412ede26b71cfada76f33d
1	#FF0000	4	-2.18009114543498	Before	Before	793f8545c363d222de18ac892bc7abb80154e724
1	#FF0000	4	-2.1826113924814	Before	Before	b417000b570133d1d014a4745163142d0c68e195
1	#FF0000	4.49998933433418	-1.69139855966199	Before	Before	11ab05ab1b6cf5ca602f8632bc2a72d47e85583a
1	#FF0000	4.49998933433418	-1.68097313140494	Before	Before	38328a3a69f5fead3abac8560a6c9f42f358a3f7
1	#FF0000	4.49998933433418	-1.69459135741624	Before	Before	4aadde8f5a51cd7c8f3889964e7280432ec65bbc
1	#FF0000	4.49998933433418	-1.70792400594437	Before	Before	4bda6dac7ede429434412ede26b71cfada76f33d
1	#FF0000	4.49998933433418	-1.69189482721024	Before	Before	793f8545c363d222de18ac892bc7abb80154e724
1	#FF0000	4.49998933433418	-1.68994641970399	Before	Before	b417000b570133d1d014a4745163142d0c68e195
2	#0000FF	1	-3.37811099982382	HEAD	HEAD	11ab05ab1b6cf5ca602f8632bc2a72d47e85583a
2	#0000FF	1	-3.62522701504251	HEAD	HEAD	38328a3a69f5fead3abac8560a6c9f42f358a3f7
2	#0000FF	1	-3.39816098503718	HEAD	HEAD	4aadde8f5a51cd7c8f3889964e7280432ec65bbc
2	#0000FF	1	-3.60054429541248	HEAD	HEAD	4bda6dac7ede429434412ede26b71cfada76f33d
2	#0000FF	1	-3.63155502173907	HEAD	HEAD	793f8545c363d222de18ac892bc7abb80154e724
2	#0000FF	1	-3.60530044493461	HEAD	HEAD	b417000b570133d1d014a4745163142d0c68e195
2	#0000FF	1.49136169383427	-3.61137749679327	HEAD	HEAD	11ab05ab1b6cf5ca602f8632bc2a72d47e85583a
2	#0000FF	1.49136169383427	-3.45035435521722	HEAD	HEAD	38328a3a69f5fead3abac8560a6c9f42f358a3f7
2	#0000FF	1.49136169383427	-3.57055698992071	HEAD	HEAD	4aadde8f5a51cd7c8f3889964e7280432ec65bbc
2	#0000FF	1.49136169383427	-3.56488453594465	HEAD	HEAD	4bda6dac7ede429434412ede26b71cfada76f33d
2	#0000FF	1.49136169383427	-3.58656440488961	HEAD	HEAD	793f8545c363d222de18ac892bc7abb80154e724
2	#0000FF	1.49136169383427	-3.54114031199609	HEAD	HEAD	b417000b570133d1d014a4745163142d0c68e195
2	#0000FF	2	-2.98545004480684	HEAD	HEAD	11ab05ab1b6cf5ca602f8632bc2a72d47e85583a
2	#0000FF	2	-3.53434728117133	HEAD	HEAD	38328a3a69f5fead3abac8560a6c9f42f358a3f7
2	#0000FF	2	-3.40912022903469	HEAD	HEAD	4aadde8f5a51cd7c8f3889964e7280432ec65bbc
2	#0000FF	2	-3.42442472237706	HEAD	HEAD	4bda6dac7ede429434412ede26b71cfada76f33d
2	#0000FF	2	-3.55919240358444	HEAD	HEAD	793f8545c363d222de18ac892bc7abb80154e724
2	#0000FF	2	-3.41878969188261	HEAD	HEAD	b417000b570133d1d014a4745163142d0c68e195
2	#0000FF	2.4996870826184	-3.38561641029778	HEAD	HEAD	11ab05ab1b6cf5ca602f8632bc2a72d47e85583a
2	#0000FF	2.4996870826184	-3.38030576571244	HEAD	HEAD	38328a3a69f5fead3abac8560a6c9f42f358a3f7
2	#0000FF	2.4996870826184	-3.14451261927287	HEAD	HEAD	4aadde8f5a51cd7c8f3889964e7280432ec65bbc
2	#0000FF	2.4996870826184	-3.15022658884843	HEAD	HEAD	4bda6dac7ede429434412ede26b71cfada76f33d
2	#0000FF	2.4996870826184	-3.36977867914129	HEAD	HEAD	793f8545c363d222de18ac892bc7abb80154e724
2	#0000FF	2.4996870826184	-3.15975991232746	HEAD	HEAD	b417000b570133d1d014a4745163142d0c68e195
2	#0000FF	3	-3.06072367612739	HEAD	HEAD	11ab05ab1b6cf5ca602f8632bc2a72d47e85583a
2	#0000FF	3	-2.89860246950709	HEAD	HEAD	38328a3a69f5fead3abac8560a6c9f42f358a3f7
2	#0000FF	3	-2.76912874278873	HEAD	HEAD	4aadde8f5a51cd7c8f3889964e7280432ec65bbc
2	#0000FF	3	-2.78297268845035	HEAD	HEAD	4bda6dac7ede429434412ede26b71cfada76f33d
2	#0000FF	3	-3.0683400393941	HEAD	HEAD	793f8545c363d222de18ac892bc7abb80154e724
2	#0000FF	3	-2.76727202578699	HEAD	HEAD	b417000b570133d1d014a4745163142d0c68e195
2	#0000FF	3.49996186559619	-2.64202104668464	HEAD	HEAD	11ab05ab1b6cf5ca602f8632bc2a72d47e85583a
2	#0000FF	3.49996186559619	-2.62679889498453	HEAD	HEAD	38328a3a69f5fead3abac8560a6c9f42f358a3f7
2	#0000FF	3.49996186559619	-2.32780032247412	HEAD	HEAD	4aadde8f5a51cd7c8f3889964e7280432ec65bbc
2	#0000FF	3.49996186559619	-2.30409819351466	HEAD	HEAD	4bda6dac7ede429434412ede26b71cfada76f33d
2	#0000FF	3.49996186559619	-2.64420722056717	HEAD	HEAD	793f8545c363d222de18ac892bc7abb80154e724
2	#0000FF	3.49996186559619	-2.30982057881959	HEAD	HEAD	b417000b570133d1d014a4745163142d0c68e195
2	#0000FF	4	-2.18903111791428	HEAD	HEAD	11ab05ab1b6cf5ca602f8632bc2a72d47e85583a
2	#0000FF	4	-2.17053038188348	HEAD	HEAD	38328a3a69f5fead3abac8560a6c9f42f358a3f7
2	#0000FF	4	-1.83755218572196	HEAD	HEAD	4aadde8f5a51cd7c8f3889964e7280432ec65bbc
2	#0000FF	4	-1.82000827668011	HEAD	HEAD	4bda6dac7ede429434412ede26b71cfada76f33d
2	#0000FF	4	-2.1833900654174	HEAD	HEAD	793f8545c363d222de18ac892bc7abb80154e724
2	#0000FF	4	-1.8245928151966	HEAD	HEAD	b417000b570133d1d014a4745163142d0c68e195
2	#0000FF	4.49998933433418	-1.68947738011481	HEAD	HEAD	11ab05ab1b6cf5ca602f8632bc2a72d47e85583a
2	#0000FF	4.49998933433418	-1.68236134433067	HEAD	HEAD	38328a3a69f5fead3abac8560a6c9f42f358a3f7
2	#0000FF	4.49998933433418	-1.6839711841285	HEAD	HEAD	793f8545c363d222de18ac892bc7abb80154e724
3	#EE82EE	1	-3.58442173114291	Regression	Regression	11ab05ab1b6cf5ca602f8632bc2a72d47e85583a
3	#EE82EE	1	-3.59470053608948	Regression	Regression	38328a3a69f5fead3abac8560a6c9f42f358a3f7
3	#EE82EE	1	-3.35931983557707	Regression	Regression	4aadde8f5a51cd7c8f3889964e7280432ec65bbc
3	#EE82EE	1	-3.54088043191485	Regression	Regression	4bda6dac7ede429434412ede26b71cfada76f33d
3	#EE82EE	1	-3.5957146892185	Regression	Regression	793f8545c363d222de18ac892bc7abb80154e724
3	#EE82EE	1	-3.5859221678204	Regression	Regression	b417000b570133d1d014a4745163142d0c68e195
3	#EE82EE	1.49136169383427	-3.52345952476188	Regression	Regression	11ab05ab1b6cf5ca602f8632bc2a72d47e85583a
3	#EE82EE	1.49136169383427	-3.54598400090835	Regression	Regression	38328a3a69f5fead3abac8560a6c9f42f358a3f7
3	#EE82EE	1.49136169383427	-3.54266485428559	Regression	Regression	4aadde8f5a51cd7c8f3889964e7280432ec65bbc
3	#EE82EE	1.49136169383427	-3.39426455912152	Regression	Regression	4bda6dac7ede429434412ede26b71cfada76f33d
3	#EE82EE	1.49136169383427	-3.57100231853199	Regression	Regression	793f8545c363d222de18ac892bc7abb80154e724
3	#EE82EE	1.49136169383427	-3.55598481576425	Regression	Regression	b417000b570133d1d014a4745163142d0c68e195
3	#EE82EE	2	-3.40936885576262	Regression	Regression	11ab05ab1b6cf5ca602f8632bc2a72d47e85583a
3	#EE82EE	2	-3.19308164150117	Regression	Regression	38328a3a69f5fead3abac8560a6c9f42f358a3f7
3	#EE82EE	2	-3.4213097956577	Regression	Regression	4aadde8f5a51cd7c8f3889964e7280432ec65bbc
3	#EE82EE	2	-3.40542015260239	Regression	Regression	4bda6dac7ede429434412ede26b71cfada76f33d
3	#EE82EE	2	-3.4317378557271	Regression	Regression	793f8545c363d222de18ac892bc7abb80154e724
3	#EE82EE	2	-3.40784715518155	Regression	Regression	b417000b570133d1d014a4745163142d0c68e195
3	#EE82EE	2.4996870826184	-3.16078816546425	Regression	Regression	11ab05ab1b6cf5ca602f8632bc2a72d47e85583a
3	#EE82EE	2.4996870826184	-3.13044329673669	Regression	Regression	38328a3a69f5fead3abac8560a6c9f42f358a3f7
3	#EE82EE	2.4996870826184	-3.16361100545293	Regression	Regression	4aadde8f5a51cd7c8f3889964e7280432ec65bbc
3	#EE82EE	2.4996870826184	-3.14668548723855	Regression	Regression	4bda6dac7ede429434412ede26b71cfada76f33d
3	#EE82EE	2.4996870826184	-3.16788655490588	Regression	Regression	793f8545c363d222de18ac892bc7abb80154e724
3	#EE82EE	2.4996870826184	-3.15509211717535	Regression	Regression	b417000b570133d1d014a4745163142d0c68e195
3	#EE82EE	3	-2.7336171677303	Regression	Regression	11ab05ab1b6cf5ca602f8632bc2a72d47e85583a
3	#EE82EE	3	-2.74061807337374	Regression	Regression	38328a3a69f5fead3abac8560a6c9f42f358a3f7
3	#EE82EE	3	-2.7723973225786	Regression	Regression	4aadde8f5a51cd7c8f3889964e7280432ec65bbc
3	#EE82EE	3	-2.72585046158858	Regression	Regression	4bda6dac7ede429434412ede26b71cfada76f33d
3	#EE82EE	3	-2.74418809704834	Regression	Regression	793f8545c363d222de18ac892bc7abb80154e724
3	#EE82EE	3	-2.75982990829451	Regression	Regression	b417000b570133d1d014a4745163142d0c68e195
3	#EE82EE	3.49996186559619	-2.27427898316331	Regression	Regression	11ab05ab1b6cf5ca602f8632bc2a72d47e85583a
3	#EE82EE	3.49996186559619	-2.29954762897782	Regression	Regression	38328a3a69f5fead3abac8560a6c9f42f358a3f7
3	#EE82EE	3.49996186559619	-2.3201277208841	Regression	Regression	4aadde8f5a51cd7c8f3889964e7280432ec65bbc
3	#EE82EE	3.49996186559619	-2.30539515069057	Regression	Regression	4bda6dac7ede429434412ede26b71cfada76f33d
3	#EE82EE	3.49996186559619	-2.29049887043241	Regression	Regression	793f8545c363d222de18ac892bc7abb80154e724
3	#EE82EE	3.49996186559619	-2.31314681617267	Regression	Regression	b417000b570133d1d014a4745163142d0c68e195
3	#EE82EE	4	-1.79489138585495	Regression	Regression	11ab05ab1b6cf5ca602f8632bc2a72d47e85583a
3	#EE82EE	4	-1.80993532047388	Regression	Regression	38328a3a69f5fead3abac8560a6c9f42f358a3f7
3	#EE82EE	4	-1.82702131011955	Regression	Regression	4aadde8f5a51cd7c8f3889964e7280432ec65bbc
3	#EE82EE	4	-1.82324176069322	Regression	Regression	4bda6dac7ede429434412ede26b71cfada76f33d
3	#EE82EE	4	-1.80563391155208	Regression	Regression	793f8545c363d222de18ac892bc7abb80154e724
3	#EE82EE	4	-1.82214910156589	Regression	Regression	b417000b570133d1d014a4745163142d0c68e195
